{
  "publicPath": "/dist/moduleX/",
  "all": [
    "chunk-0.5882901bce2b5b7c5194.js",
    "chunk-1.e577061ac63f50f8d190.js",
    "chunk-2.1ce98ca2dd409c47068e.js",
    "app.js",
    "vendor.js",
    "manifest.js"
  ],
  "initial": [
    "manifest.js",
    "vendor.js",
    "app.js"
  ],
  "async": [
    "chunk-0.5882901bce2b5b7c5194.js",
    "chunk-1.e577061ac63f50f8d190.js",
    "chunk-2.1ce98ca2dd409c47068e.js"
  ],
  "modules": {
    "736a734b": [
      4
    ],
    "4f1a5a69": [
      0
    ],
    "cad61620": [
      4
    ],
    "8639cfd6": [
      4
    ],
    "307f1742": [
      4
    ],
    "07226bc4": [
      3
    ],
    "1b97053a": [
      3
    ],
    "2f773b56": [
      3
    ],
    "b467a984": [
      4
    ],
    "3d96d4e6": [
      3
    ],
    "733821b4": [
      3
    ],
    "e418f576": [
      3
    ],
    "4bcfd114": [
      3
    ],
    "148e39d1": [
      3
    ],
    "1e27f348": [
      4
    ],
    "3823ae64": [
      4
    ],
    "5e979111": [
      3
    ],
    "0c149136": [
      3
    ],
    "4ff9e787": [
      3
    ],
    "3bfbbe69": [
      3
    ],
    "8b3a9070": [
      3
    ],
    "1fd2d8bf": [
      3
    ],
    "03508e93": [
      3
    ],
    "f209678a": [
      3
    ],
    "45054b2a": [
      3
    ],
    "c7e43daa": [
      4
    ],
    "e7ea2ce0": [
      1
    ],
    "89c2bc94": [
      2
    ],
    "7ea894b1": [
      1
    ],
    "4487bd15": [
      1
    ],
    "30ee2c72": [
      1
    ],
    "2be77bc3": [
      2
    ],
    "4b0fb6df": [
      2
    ],
    "84789fde": [
      2
    ],
    "4f08edf6": [
      0
    ],
    "450ed212": [
      0
    ],
    "fefe1c6a": [
      0
    ],
    "a250b0b8": [
      1
    ],
    "19597bc2": [
      1
    ],
    "8d992d04": [
      1
    ],
    "542252de": [
      1
    ],
    "bacaf542": [
      1
    ],
    "3e0c246a": [
      2
    ],
    "36fe1ded": [
      2
    ],
    "117b0c25": [
      2
    ],
    "e03bf4f8": [
      2
    ],
    "9cb9caea": [
      0
    ],
    "d1486ba6": [
      0
    ],
    "785cce42": [
      0
    ],
    "445fb67e": [
      0
    ]
  }
}